"last_name","frequency"
"Breugel",161
"Maierhofer",199
"Spinelli",189
"Birrer",180
"DasSarma",185
"Ariola",182
"Cronau",181
"Liedekerke",186
"Panangaden",205
"Naudin",183
"Yeung",187
"Figueira",178
"Fargier",200
"Muniz",172
"Irland",194
"Kambil",191
"Hiraishi",194
"Jonsson",197
"Camurati",195
"Mandell",218
"Fendler",175
"Bruckman",191
"Manders",195
"Niizuma",163
"Guardalben",148
"Angelov",174
"Leijenhorst",163
"Cichocki",165
"Matteis",175
"Iacovou",186
"Thimonier",192
"Katzenelson",188
"Salvesen",194
"Staudhammer",181
"Krybus",201
"Manderick",189
"Menhardt",183
"Waterhouse",183
"Bain",186
"Mamelak",162
"Greibach",176
"Zeleznik",177
"McClurg",200
"Docker",194
"Delgrossi",188
"Rosti",155
"Lupu",179
"Benveniste",178
"Rosin",195
"Pettit",182
"Solares",216
"Erol",180
"Kitsuregawa",211
"Butterworth",168
"Hanabata",189
"Nastansky",185
"Adachi",221
"Axelband",155
"Heystek",200
"McAlpine",172
"Onuegbe",205
"Dayana",163
"Wielonsky",160
"Rijsenbrij",169
"Veccia",164
"Covnot",180
"Marwedel",166
"Wissmann",175
"DuCasse",177
"Kaltofen",184
"Ushiama",182
"Sidje",163
"Ebeling",169
"Mahnke",216
"Gischer",165
"Benzaken",165
"Minakawa",169
"Krider",158
"Langford",195
"Michaels",199
"Cromarty",167
"Zlotek",182
"Stemann",162
"Sinitsyn",178
"Narwekar",188
"Domenig",200
"Cronan",181
"Ruemmler",177
"Sethi",186
"Gyorkos",168
"DeMori",205
"Nitsche",177
"Soicher",202
"Birke",182
"Pokrovskii",214
"Valiente",175
"Schoegge",174
"Haddadi",191
"Mundy",162
"Comyn",171
"Anguita",161
"Gils",189
"Guerreiro",163
"Chenney",209
"Ramamoorthy",179
"Slaats",163
"Schiper",198
"Rosaz",214
"Munoz",183
"Beeson",172
"Tsunoo",175
"Kaelbling",200
"Bridgland",187
"Verhaegen",182
"Chepyzhov",196
"Mansanne",183
"Falck",176
"Attimonelli",178
"Peternell",173
"Perez",201
"Karcich",197
"Herbst",203
"Perry",188
"Butner",193
"Olivero",176
"Perfilyeva",189
"Ghandeharizadeh",203
"Bade",172
"Marakhovsky",205
"Chinal",175
"Tibblin",160
"Rosis",193
"Kandlur",166
"Baalen",180
"Menhoudj",192
"Braunmuhl",206
"Strandh",190
"Jervis",190
"Haldar",183
"Bernardeschi",201
"Conta",203
"Angelopoulos",207
"Narahara",185
"Gimarc",173
"Lubachevsky",202
"Streit",168
"Zirintsis",188
"Zallocco",198
"Plessier",191
"Dahlbom",181
"Koshino",186
"Mattern",180
"Plotkin",171
"Otillio",200
"Lieblein",179
"Beilner",179
"Rahimi",189
"Siksek",213
"Weisert",197
"Oskamp",174
"Kalloufi",195
"Socorro",167
"Kisuki",192
"Schurmann",175
"Rosca",184
"Skrikant",175
"Iisaku",175
"Shihab",187
"Facello",186
"Zhiwei",177
"Slutz",161
"Czap",190
"Suri",190
"Fordan",174
"Parhami",189
"Kropatsch",175
"Bodoff",191
"Stellhorn",180
"Henders",183
"Zumaque",195
"Bonifati",189
"Shackel",189
"Plavsic",185
"Giveon",186
"Rando",177
"Matzke",177
"Farrow",166
"Straney",183
"Orlowska",173
"Lortz",182
"Sooriamurthi",185
"Chvatal",193
"Isaac",184
"Beausoleil",175
"Uchoa",177
"Lundstrom",186
"Rebaine",178
"Dratva",184
"Awdeh",187
"Foote",206
"Demir",178
"Bahk",192
"Gire",167
"Motley",179
"Cools",195
"Feldmann",184
"Schnabel",160
"Prenel",179
"Bottner",183
"Zaccaria",189
"Melton",193
"Rettelbach",183
"Journel",169
"Azumi",191
"Speel",192
"Erie",180
"Weedon",184
"Heemskerk",184
"Gerlach",209
"Welham",184
"Perng",206
"Oxenboll",183
"Kuzuoka",181
"Piazza",170
"Halloran",176
"Klyachko",179
"Rohrbach",182
"Zongker",192
"Ernst",178
"Riexinger",204
"Calkin",160
"Beznosov",187
"Maliniak",192
"Reeker",164
"Czaja",177
"Kroll",182
"Paludetto",183
"Honglei",184
"Demke",175
"Shigei",153
"Malinowski",204
"Sadowski",196
"Billawala",189
"Willoner",185
"Kalafatis",180
"Luke",176
"Penttonen",203
"Fabrizio",180
"Swick",204
"Osgood",220
"Massonet",184
"Junot",169
"Brookner",199
"Kalefeld",172
"Khasidashvili",209
"Lanphier",205
"Terekhov",185
"Cronin",180
"Krupka",177
"Stranks",166
"Hutton",192
"Bellone",183
"Rotem",172
"Merks",199
"Remmele",194
"Kavraki",182
"Pleszkun",176
"Uhrig",181
"Ermel",195
"Monkewich",177
"Merlo",177
"Giaccio",181
"Perin",165
"Schaar",194
"Harnett",170
"Leivant",187
"Kowalchuk",180
"Danlos",185
"Peroz",181
"Hiltgen",187
"Begiun",188
"Anger",190
"Kaminger",191
"Hiroyama",200
"Kushnir",168
"Jansch",160
"Maccarone",169
"Rodite",183
"Garnick",188
"Masada",218
"Linnainmaa",193
"Sluis",170
"Velardi",163
"Berztiss",179
"Hemaspaandra",170
"Pagter",179
"Brandsma",191
"Kruskal",173
"Shanbhogue",194
"Rattan",166
"Bharadwaj",160
"Rathonyi",178
"Dayang",181
"Merkl",190
"Esteva",164
"Prochazka",180
"Bahi",180
"Rijckaert",186
"Boyle",197
"Randt",183
"Stille",165
"Ponthieu",205
"Thiran",191
"DiGiano",177
"Rissanen",180
"Fetvedt",181
"Erva",156
"Rothe",183
"Antonisse",196
"Kabayashi",153
"Murtagh",175
"Eiter",192
"Atrawala",175
"Muntz",195
"Pocchiola",200
"Matzel",163
"Jenevein",208
"Georgakopoulos",163
"Yavatkar",169
"Swift",195
"Heyers",192
"Andreotta",165
"Raney",183
"Maginnis",169
"Zedlitz",163
"Milicic",187
"Bamford",178
"Vakili",180
"Staelin",170
"Sgarro",200
"Vernadat",198
"Thiria",177
"Baba",226
"Baez",182
"Cooman",180
"Hmelo",159
"Grandbois",182
"Ballarin",180
"Ohori",197
"McAffer",180
"Mahmud",181
"Coorg",223
"Peron",191
"Rodier",184
"Peek",212
"Tempesti",161
"Krychniak",179
"Rosiles",192
"Haraldson",190
"Grabner",168
"Blokdijk",165
"Melter",173
"Cannard",186
"Lorin",190
"Walston",185
"Makinen",180
"Gajiwala",196
"Monarch",196
"Miyakawa",176
"Itzigehl",200
"Lamma",200
"Schwabacher",181
"Luks",164
"Billingsley",187
"Knightly",177
"Kushner",191
"Randi",192
"Yamaashi",168
"Nilsson",160
"Detkin",178
"Gerteisen",185
"Strehl",187
"Shumilov",200
"Comte",173
"Frijda",171
"Rabehasaina",212
"Kakkar",196
"Ashish",190
"Pews",202
"Msuda",182
"Narlikar",184
"Lorcy",184
"Smeets",181
"Raoux",160
"Belinskaya",187
"Bashian",181
"Gecseg",179
"Hennings",174
"Bazzichi",188
"Poupard",198
"Petersohn",189
"Tsukuda",185
"Bala",189
"Mitsuhashi",159
"Hedayat",186
"Imataki",200
"Ginesta",164
"Erbe",186
"Lieberherr",176
"Sherertz",180
"Kusalik",187
"Gini",173
"Heering",188
"Tanemo",175
"Erez",194
"Miculan",159
"Foong",179
"Gluchowski",182
"Pehl",192
"Kenevan",171
"Hockney",179
"Pargas",189
"Babu",184
"Schwartzburd",185
"Luff",183
"Koprowski",158
"Cooley",175
"Usdin",163
"Cullers",176
"Bernardinello",156
"Oxman",174
"Savasere",181
"Matzen",198
"Kolinko",179
"Perri",177
"Erdi",201
"Erev",166
"Juneja",194
"Luca",197
"Ghalwash",185
"Farrar",189
"Provine",151
"Hofmeyr",183
"Cheshire",183
"Samarati",178
"Nitto",159
"Veevers",185
"Syang",196
"Panienski",208
"Thorelli",152
"Ferriere",169
"Luan",188
"McConalogue",201
"Narahari",166
"Perna",173
"Stanger",198
"Dulay",189
"Denti",188
"Raczkowsky",182
"Serra",209
"Schieder",185
"Sidhu",180
"Alameldin",195
"McFarlin",198
"Plump",189
"Honiden",175
"Delgrande",188
"Fiutem",174
"Litvinov",184
"Feinberg",203
"Kobara",194
"Valtorta",185
"Schnelling",165
"Levergood",161
"Picel",195
"Lakshmanan",168
"Dulli",151
"Veeraraghavan",183
"Worfolk",193
"Auria",182
"Marciano",165
"Birdsall",183
"Garnham",205
"Poehlman",182
"Collavizza",167
"Schreiter",200
"Karunanithi",184
"Janetzko",172
"Demeyer",166
"Linares",204
"DuBourdieux",180
"Famili",187
"Stenning",183
"Denis",165
"Lorys",189
"Oberman",188
"Furedi",191
"Rossi",176
"Brodal",184
"Heusch",181
"Brickell",178
"Sigstam",175
"Leonhardt",173
"Gips",167
"Braccini",197
"Colorni",193
"Serdy",167
"Merel",197
"Steenbeek",190
"Doering",203
"Couchot",162
"Malabarba",209
"Cincotta",180
"Uehara",189
"Azuma",174
"Baby",197
"Etalle",174
"Suwa",165
"Wrigley",195
"Shackell",169
"Driscoll",210
"Pouyioutas",177
"Apsitis",192
"Sewelson",178
"Sambasivam",174
"Crelier",193
"Aingworth",172
"Veldwijk",174
"Pero",164
"Ranst",153
"Spell",170
"Servieres",199
"Brlek",178
"Syrzycki",174
"Snedden",200
"Mersereau",172
"Baaleh",162
"Rissland",188
"Pelc",201
"Moehrke",164
"Slobodova",199
"Ullian",176
"Munawer",199
"Khamsi",198
"Selvestrel",191
"Ventosa",211
"Pearson",159
"Shrader",204
"Perly",189
"Kopetz",161
"Ranon",181
"Burnard",167
"Hambrick",184
"Itzfeldt",190
"Back",182
"Uhrik",182
"Gewali",209
"Barvinok",185
"Curless",199
"Guting",197
"Beutelspacher",180
"Farrag",179
"Baaz",192
"Lamba",207
"Zockler",173
"Flowers",209
"Spelt",197
"Peral",177
"Katalagarianos",179
"Wiegley",167
"Kampfer",197
"Cyre",175
"Barbanera",192
"Vrecion",172
"Schahn",176
"Kalorkoti",201
"Marletta",170
"Hegner",164
"Barriga",211
"Valette",189
"Bennis",180
"Quaggetto",173
"Werthner",179
"Vasanthakumar",183
"Eiron",187
"Masaki",184
"Nivat",162
"Hasenauer",176
"Murtafg",178
"Paciorek",185
"Peir",186
"Bach",191
"Azevdeo",166
"Beetstra",200
"Rusmann",173
"Karnin",202
"Tsukune",180
"Perl",183
"Falby",178
"Bolotov",188
"Puppe",179
"Zyda",181
"Skogmar",163
"Hertweck",193
"Baig",162
"Baezner",190
"Eldridge",174
"Auyong",200
"Biros",173
"Fontan",192
"Wilfing",179
"Codenie",184
"Speek",200
"Emmart",215
"Gente",211
"Genther",201
"Fandrianto",172
"Tzvieli",174
"Rouquie",201
"Cyne",181
"Marchegay",173
"Schrooten",170
"Bage",174
"Quadeer",196
"Marrakchi",195
"Gecsel",174
"Polupanov",156
"Kroon",160
"Papastamatiou",175
"Kusakabe",194
"Kugler",176
"Pettis",216
"Alencar",170
"Fujisawa",181
"Bellmore",189
"Ambroszkiewicz",173
"Grospietsch",196
"Shokrollahi",179
"Speckmann",199
"Wolniewicz",213
"Binkley",178
"Stifter",213
"Maraist",200
"Shobatake",170
"Nollmann",151
"Cannane",174
"Holburn",184
"Albarhamtoshy",201
"Basagni",194
"Undy",177
"Erman",166
"Whittlesey",172
"Magliocco",178
"Larfeldt",191
"Cannata",174
"Guenter",182
"Crabtree",184
"Mellouli",195
"Lichtner",181
"Lipner",187
"Theuretzbacher",168
"Shimshoni",205
"Legleitner",204
"Kalsbeek",175
"Aloia",208
"Piveteau",198
"Schach",196
"Besancenot",182
"Zastre",160
"Deville",197
"Schmezko",160
"Suermann",182
"Lunt",209
"Antonakopoulos",197
"Kaiser",187
"Rodiger",179
"Heinisuo",172
"Vitiello",180
"Pellegrinelli",160
"Wursthorn",193
"Georgatos",148
"Thombley",172
"Baik",162
"Swab",161
"Hutter",171
"Lammel",182
"Pileggi",166
"Wroclawski",192
"Serot",171
"Molenkamp",189
"Bierman",187
"Trogemann",179
"Berstel",173
"Srimani",197
"Iivonen",194
"Reistad",183
"Ferretti",189
"Steinauer",179
"Jeansoulin",184
"Cappelletti",183
"Krohm",191
"Whitcomb",204
"Halevi",172
"Boguraev",214
"Simkin",196
"Bahr",191
"Improta",178
"Hammerschmidt",200
"Tchuente",188
"Yetim",170
"Birta",195
"Rosen",186
"Rosch",200
"Rabejac",171
"Ressouche",188
"Dusink",185
"Kulisch",215
"Rosay",185
"Tetzlaff",203
"Luon",179
"Conti",184
"Mondadori",180
"Ruther",180
"Nanard",194
"Llado",196
"Stamatiou",184
"Chartres",178
"Biran",202
"Anandan",190
"Baumann",155
"Encarnacion",205
"Oaver",167
"Showalter",174
"Azulay",179
"Matzov",205
"Ramsak",167
"Ossenbruggen",181
"Hagimont",164
"Munke",195
"Xiaoshan",187
"Ozery",156
"Schaft",183
"Keirsey",170
"Ozeri",179
"Rosar",150
"Yurek",202
"Murillo",182
"Setlzner",182
"Dredge",200
"Menyhert",176
"Huxford",181
"Gaughan",206
"Janocha",169
"Ladret",179
"Clemencon",173
"Swiler",166
"Spataro",181
"McClure",179
"Parveen",198
"Harbusch",181
"Nyanchama",187
"Lenart",187
"Krogh",182
"Lambe",165
"Navazio",171
"Gilg",181
"Koshiba",183
"Schapire",202
"Mikschl",197
"Buchter",182
"Schwartzbauer",151
"Lampe",168
"Vadhan",159
"Jeong",168
"Badache",170
"Gustavson",196
"Lally",185
"Papsdorf",195
"Thebaut",193
"Openshaw",185
"Boreale",189
"Petereit",185
"Pettey",174
"Kriebel",189
"Pargaonkar",168
"Kropp",185
"Avouris",197
"Caine",177
"Picaronny",176
"Reeken",190
"Cherinka",192
"Tiemann",199
"Markovitch",181
"Vesna",175
"Morrow",201
"Comellas",181
"Schueller",167
"Schaad",194
"Brobst",194
"Waleschkowski",163
"Borovoy",185
"Cappelli",185
"Schlenzig",174
"Kumaresan",195
"Lanteri",173
"Zschoche",165
"Ritzmann",165
"Hofman",199
"Schlumberger",184
"Terkki",180
"Pezzoli",166
"Hempstead",165
"Chinin",198
"Ramsey",178
"Lukaszewicz",176
"Bisiani",162
"Usery",184
"Pavlopoulou",187
"Pillow",165
"Kinley",170
"Einsfeld",182
"Douceur",174
"Syrotiuk",172
"McDermid",186
"Vingron",190
"Horswill",189
"Munos",181
"Munch",190
"Rajala",192
"Olano",183
"Krzyzanowski",186
"Delgrange",179
"Griswold",180
"Levasseur",178
"Schusler",201
"Picco",198
"Pauthner",171
"Kitai",185
"Cairo",177
"Carrera",158
"Eppinger",165
"Keohane",190
"Trelles",182
"Rousseau",189
"Suomi",197
"Soloway",164
"Anick",191
"Reinhard",176
"Birch",179
"Ramalingam",159
"Beidas",173
"Kaiserswerth",171
"Pusterhofer",191
"Leuchs",189
"Jakobus",193
"Trystram",191
"Gomatam",191
"Munck",180
"Esposito",184
"Ratzlaff",182
"Edelhoff",175
"Talmor",186
"Tokunaga",172
"Ranta",197
"Radivojevic",200
"Bresenham",164
"Leslie",190
"Thorensen",177
"Gladwell",168
"Salinas",191
"Seiwald",157
"Pelz",197
"Gulak",186
"Setia",196
"Kading",163
"Ranka",172
"Rajcani",212
"Glowinski",172
"Gecsei",208
"Leppanen",157
"Mungall",171
"Norsworthy",200
"Hitomi",199
"Fioravanti",180
"Skafidas",199
"Hebden",179
"Bernatsky",193
"Varley",181
"Hooghiemstra",183
"Busillo",182
"Vickson",194
"Gopalakrishnan",176
"Maksimenko",215
"Ranze",173
"Laurillard",175
"Roccetti",179
"Pietracaprina",173
"Buescher",187
"Collette",215
"Zolotykh",183
"Hennebert",158
"Merle",162
"Thummel",202
"Camarinopoulos",193
"Tyugu",188
"Felcyn",187
"Aloisi",164
"Serre",193
"Pappas",165
"Segond",195
"Middleton",187
"Pardalos",176
"Francisci",189
"Dalton",162
"Leaver",196
"Morris",169
"Zucker",185
"Bhattacharjee",198
"Unni",169
"Moffat",190
"Krone",183
"Azadmanesh",182
"Taubman",212
"Tagansky",194
"Ibel",184
"Rahier",185
"Denos",173
"Tasistro",178
"Laventhal",189
"Ciolek",197
"Waymire",188
"Kavanagh",201
"Litzkow",161
"Vilarrasa",195
"Pluym",163
"Vidya",175
"Wegerle",183
"Danner",176
"Muhlberg",185
"Oppitz",197
"Kolvik",169
"Merro",147
"Stiles",159
"Heuser",196
"England",182
"Greenaway",165
"Streng",179
"Bakhtari",178
"Khalid",191
"Cummings",216
"Androutsos",171
"Luce",210
"Vieth",156
"Lueh",169
"Chenoweth",178
"Clouatre",201
"Peyn",190
"Percebois",182
"Ducloy",192
"Varker",174
"Garrabrants",212
"Iisaka",181
"Sanella",170
"Schwaller",194
"Glinert",169
"Binding",180
"Loncour",176
"Schonegge",174
"Berendt",186
"Stavenow",183
"Jarecki",178
"Chaudhuri",181
"Erdmenger",197
"Rindone",195
"Mitina",188
"Simmel",167
"Alvarado",175
"Perko",168
"Range",173
"Matheson",195
"Pashtan",198
"Weiland",191
"Piancastelli",169
"Seghrouchni",190
"Boissier",174
"Koblitz",184
"Baak",182
"Muhling",187
"Rajaraman",197
"Cangellaris",211
"Marrevee",185
"Garigliano",187
"Bondorf",206
"Gien",184
"Godskesen",187
"Kornyak",202
"Melski",194
"Roison",171
"Fairtlough",191
"Baca",176
"Vigier",198
"Broomell",179
"Kuszyk",194
"Peha",174
"Gornas",197
"Mateescu",170
"Schaaf",210
"Spieker",182
"Mayerwieser",181
"Zweizig",180
"Vendrig",181
"Jiafu",165
"Takanami",181
"Waeselynck",183
"Zeilberger",177
"Prampolini",153
"Panwar",184
"Nishimukai",197
"Danley",187
"Vecchio",191
"Constantine",194
"Litecky",189
"Beerel",176
"Akaboshi",199
"Bierbaum",163
"Speer",182
"Kieras",177
"Miara",197
"Impagliazzo",188
"Hinsberger",187
"Toyoshima",180
"Jahnichen",189
"Hanratty",190
"Dichev",184
"Baja",176
"Ratnakar",186
"Decleir",188
"Montemayor",184
"Giarratana",158
"Neimat",199
"Poulakidas",186
"Zambonelli",151
"Conry",169
"Armand",176
"Akiyama",170
"Luft",195
"Aumann",161
"Sridhar",199
"Lagarias",178
"Luders",204
"Milicia",175
"Fadgyas",183
"Crouzet",185
"Rusterholz",201
"Christianini",180
"Lanzelotte",189
"Arlazarov",168
"Nyrup",172
"Woycyznski",192
"Winter",180
"Hiyoshi",198
"Capobianchi",178
"Bael",180
"Pfau",200
"Kilgour",202
"Copas",163
"Wilharm",164
"Fraisse",185
"Thambidurai",167
"Nooteboom",181
"Lorho",203
"Picht",189
"Demri",181
"Dehkordi",183
"Ghelli",191
"Basawa",182
"Lorch",185
"Majewski",188
"Babb",166
"Ecklund",205
"Michaeli",196
"Erde",185
"Plumb",165
"Cooke",201
"Brodie",201
"Chimia",206
"Jording",176
"Kusakari",184
"Carrere",196
"Hasham",191
"Desikan",204
"Negoita",179
"Stafford",173
"Chorvat",180
"Rikino",195
"Weedman",197
"Braunschweig",185
"Maquelin",189
"Casperson",169
"Schicker",175
"Gadepally",173
"Hopewell",155
"Sudbeck",222
"Feldhoffer",177
"Simmen",192
"Cardazo",190
"Peng",182
"Gihr",202
"Luit",181
"Nicolson",167
"Schauser",174
"Sinicrope",176
"Reghbati",185
"Tischendorf",173
"Frezza",177
"Rehfuss",162
"Verspoor",178
"Trumbly",177
"Karner",199
"Seuren",178
"Underwood",190
"Furudate",184
"Siepmann",212
"Peot",183
"Rullman",171
"Georg",174
"Haumacher",194
"Bratten",187
"Chiodo",181
"Conte",190
"Murrill",166
"Lung",167
"Remmers",192
"Joslin",188
"Riesenhuber",190
"Huhdanpaa",173
"Swiss",190
"Anido",177
"Ghemri",211
"Rosenbaum",196
"Ouhyoung",195
"Erni",161
"Kranzdorf",186
"Makrucki",188
"Wossner",192
"Borstler",196
"Ramras",160
"Engberts",195
"Huttel",189
"Budinsky",189
"Orsini",189
"Eugenio",187
"Bolsens",210
"Barreiro",175
"Businaro",183
"Engelmann",175
"Broder",181
"Henseler",172
"Neiman",218
"Gargeya",189
"Denna",184
"Kawashima",199
"Asser",211
"Hellwagner",190
"Nitsch",173
"Teitelbaum",166
"Angel",181
"Serov",156
"Bale",182
"Alblas",193
"Molenaar",175
"Noriega",191
"Benzmuller",187
"Ananiadou",160
"Lores",175
"Qiwen",168
"Peak",191
"Baek",188
"Emiris",190
"Hoppenstand",200
"Kornatzky",187
"Iwayama",200
"Szemeredi",181
"Montresor",168
"Peres",178
"Botman",178
"Macedo",164
"Lowrie",208
"Ishibashi",203
"Aamodt",205
"Trachtenberg",181
"Bennet",205
"Orlowski",185
"Magalhaes",177
"Portugali",172
"Gist",193
"Koblick",182
"Sundgren",193
"Sichman",196
"Callaway",190
"Fortenbacher",199
"Himler",170
"Setiz",170
"Talmon",182
"Luiz",166
"Khalil",191
"Sessa",170
"Penn",170
"Templeman",177
"Dengi",181
"Fujisaki",194
"Ravishankar",155
"Zwicker",176
"Uludag",182
"Jiang",197
"Gubsky",171
"Ritcey",156
"Shinomoto",175
"Schrift",159
"Lalonde",198
"Swist",181
"Brizzi",167
"Nourani",177
"Liesche",190
"Rubsam",174
"Conia",196
"Debuse",183
"Sabnani",152
"Takkinen",186
"Pintelas",174
"Pesch",167
"Keustermans",195
"Angiulli",177
"Gunderson",181
"Strooper",178
"Hoogerwoord",191
"Muchinsky",199
"Bouloucos",195
"Chachaty",187
"Vanwelkenhuysen",187
"Staylopatis",190
"Kirkerud",203
"Morrey",213
"Foolsday",1
"Zizka",180
"Dalphin",181
"Rothenberg",191
"Bratsberg",173
"Dolinsky",174
"Kroft",181
"Suppi",190
"Sevcikova",168
"Sommer",176
"Baranowski",160
"Heiserman",184
"Schmiedel",197
"Scallan",214
"Smailagic",189
"Asrin",184
"Stanfel",201
"Marchesini",179
"Gronowski",195
"Walstra",186
"Taubenfeld",200
"Biron",173
"Peac",183
"Ranft",190
"Herath",177
"Candan",193
"Radhakrishnan",193
"Parfitt",191
"Serna",195
"Delaune",165
"Gyimothy",186
"Riefers",185
"Kermarrec",178
"Fiebach",189
"Lindqvist",190
"Zykh",148
"Litzler",171
"Ulupinar",179
"Pramanik",212
"Zaumen",199
"Denny",175
"Nations",167
"Bugaenko",165
"Cesareni",208
"Besselaar",188
"Siprelle",205
"Karlin",163
"Luby",192
"Luck",182
"Luef",163
"Lorie",161
"Hardjono",195
"Hainaut",176
"Sadowsky",145
"Puppo",188
"Dulin",192
"Koyama",183
"Bazelow",179
"Bressoud",188
"Zultner",177
"Casley",178
"Redmiles",210
"Brookman",165
"Perz",172
"Yurov",179
"Barinka",165
"Standera",161
"Selenyi",176
"Thisen",169
"Kobuchi",184
"Byoun",191
"Deverell",179
"Waschkowski",181
"Sankaranarayanan",183
"Masand",196
"Taneja",201
"Junet",193
"Lemarechal",158
"Porotnikoff",164
"Schmittgen",181
"Christ",193
"Ratnaker",181
"Bojadziev",187
"Zobel",162
"Eickenmeyer",192
"Alpin",204
"Basart",172
"Stasinski",183
"Escriba",183
"Gammage",199
"Porenta",175
"Kilgore",191
"Naumovich",182
"Klassen",190
"Validov",173
"Bail",180
"Schiettecatte",184
"Jullig",190
"Sifakis",193
"Vural",175
"Demos",188
"Szmurlo",184
"Gide",172
"Wixon",169
"Tramer",203
"Sudkamp",188
"Pietrzykowski",183
"Zhang",163
"Bernini",178
"Ellozy",189
"Cochrane",193
"Rande",171
"Gill",184
"Lamparter",209
"Duclos",206
"Pena",173
"Eterovic",182
"Siegrist",187
"Conde",195
"Cunliffe",177
"Nitta",180
"Heydon",172
"Pepe",179
"Schlegelmilch",202
"Ranum",197
"Danecki",186
"Benaini",167
"Geffroy",205
"Birsak",190
"McFarlan",166
"Katiyar",198
"Unno",194
"Przulj",189
"Bultermann",189
"Brender",196
"Pollacia",185
"Merey",196
"Jansen",188
"Mullainathan",177
"Marshall",189
"Melichar",193
"Gimbel",200
"Birnbaum",190
"Swen",212
"Aseltine",177
"Kropf",171
"Daescu",195
"Mawatari",199
"Cusworth",166
"Limongiello",170
"Zuberek",209
"Lichtman",183
"Pollock",183
"Isaak",171
"Dechter",156
"Snyers",179
"Rodham",187
"Fritzsche",167
"Kamble",188
"Molberg",183
"Zaiane",172
"Munro",160
"Peris",177
"Homond",165
"Scharstein",189
"Schneeberger",179
"Roisin",191
"Vesel",186
"Vieri",172
"Mandelberg",156
"Parascandalo",192
"Passafiume",176
"Polajnar",170
"Hashii",171
"Perelgut",166
"Hatcliff",179
"Frolund",194
"Nittel",162
"Plesums",191
"Fontet",170
"Reutenauer",188
"Atchley",181
"Rassart",199
"Vidal",175
"Vuskovic",182
"Boudaillier",217
"Castellani",171
"Bahl",201
"Szilard",197
"Yoshimura",169
"Diderrich",190
"Gelosh",223
"Goodrum",190
"Chandrasekhar",185
"Wallrath",168
"Flasterstein",181
"Gulik",200
"Stentiford",194
"Chinen",177
"Egerstedt",176
"Poujol",182
"Baar",189
"Matzat",182
"Versino",187
"Kroha",163
"Cmelik",183
"Kuhnemann",195
"Kavvadias",186
"Ramaiah",190
"Schapiro",181
"Salverda",190
"Suessmith",155
"Swan",196
"Passino",183
"Terwilliger",156
"Herber",212
"Baer",192
"Chleq",189
"Goldhammer",186
"Gonthier",151
"Heijenga",160
"Decaestecker",185
"Vecchi",191
"Schaap",196
"Wuwongse",167
"Condotta",169
"Peck",177
"Cappello",175
"Marquardt",191
"Chappelet",176
"Garnier",207
"Vandervoorde",177
"Itschner",174
"VanScheik",162
"Kemmerer",192
"Mapelli",191
"Kamber",211
"Papadias",196
"Acton",189
"Pulkowski",186
"Ozeki",184
"Wynblatt",201
"Peltason",194
"Anily",182
"Bauknecht",168
"Kakkad",185
"dAstous",166
"Madeira",190
"Kohling",190
"Sidou",191
"Highland",189
"Emmerich",168
"Meriste",196
"Radwan",178
"Senzako",192
"Bugrara",200
"Klerer",183
"Ertl",192
"Zeidenstein",187
"Morton",172
"Akazan",207
"Jumpertz",182
"Lyonns",160
"Wendorf",217
"Granlund",197
"Brendel",185
"Alpay",183
"Badr",169
"Schade",184
"Verhoeff",170
"Ligten",180
"Millington",189
"Angot",178
"Birjandi",215
"Restivo",178
"Lund",170
"Meszaros",186
"Yetto",169
"Murthy",167
"Varman",182
"Benantar",186
"Renear",182
"Krichel",185
"Lindenbaum",200
"Farrel",170
"Chiola",179
"Backhouse",189
"Bergere",175
"Chelton",181
"Heuter",192
"Ranai",185
"Thibadeau",172
"Harllee",184
"Morrin",193
"Flanders",173
"Miake",191
"Falster",170
"Gruenwald",185
"Servi",196
"Mukaidono",201
"Hartvigsen",196
"Kadhim",163
"Marsiglia",166
"Warwick",199
"Nergos",171
"Lunn",175
"Quittner",181
"Compeau",184
"Murtha",188
"Luga",179
"Sullins",180
"Isard",187
"Saoudi",176
"Hettesheimer",199
"Farris",222
"Kragelund",163
"Argence",204
"Eastman",178
"Genin",152
"Pell",172
"Zielinski",172
"Felder",178
"Velasco",187
"Viele",197
"Puoti",168
"Tomescu",192
"Crooks",187
"Asmuth",181
"Yemenis",181
"Nannarelli",200
"Lovengreen",183
"Demizu",176
"Penz",188
"Gulla",164
"Birge",194
"Claffy",182
"Sommen",175
"Gurbaxani",185
"Ramsay",203
"Yoshizawa",188
"Hofstetter",196
"Hofting",194
"Jayawardene",177
"Chaudhury",184
"Assaf",174
"Bednarek",198
"Brattka",185
"Kawashimo",188
"Choobineh",174
"Benner",158
"Shiratori",204
"Marzano",160
"Merli",186
"Potthoff",174
"Heping",176
"Oehlmann",163
"Bernick",174
"Lienhardt",175
"Silva",186
"Kossowski",178
"Falco",179
"Solovay",178
"Coombs",176
"Siochi",189
"Kleiser",193
"Ghazalie",198
"Krohn",175
"Hebert",206
"Demian",187
"Lodder",171
"Stassinopoulos",193
"Champarnaud",203
"Turnbull",179
"Ginneken",178
"Landherr",198
"Deyuan",173
"Reinhart",181
"Preusig",187
"Sury",164
"Picci",175
"Terlouw",183
"Fasbender",180
"Bardell",177
"Masamoto",173
"Emden",205
"Coney",175
"Dymetman",179
"Mitchem",186
"Stroustrup",188
"Roohalamini",175
"Coors",204
"Gniady",168
"Mitzlaff",200
"Coullard",166
"Flexer",175
